INSERT INTO T_CAR_RENTAL (id, name, street, street_number, postal, city)
VALUES (1, 'ZoomDrive Rentals', 'Ruskin', 75312, '16900', 'Huarong'),
       (2, 'CruiseWise Car Hire', 'Lakewood Gardens', 82, '93650', 'Ricardo Flores Magon'),
       (3, 'Speedster Rent-a-Car', 'Ramsey', 74, 'G7S', 'Boissevain'),
       (4, 'RoadRunner Auto Rentals', 'Sunbrook', 63, '16700', 'Baabda'),
       (5, 'DriveRight Vehicle Hire', 'Merchant', 750, '4313', 'Beddeng'),
       (6, 'Velocity Wheels Rental', 'Roth', 0, '123456', 'Shangma'),
       (7, 'GearShift Car Hire Services', 'Havey', 4, '2270', 'Ormo'),
       (8, 'TurboTrack Rentals', 'Lotheville', 948, 'A1N', 'Mount Pearl'),
       (9, 'DriveStar Auto Leasing', 'Chinook', 4069, '098765', 'Afareaitu'),
       (10, 'AccelerateNow Car Rentals', 'Tennyson', 69, '2329', 'Leiden');

INSERT INTO T_DISCOUNT (id, name, description, discount, start_date, expiration_date)
VALUES (1, 'SUMMER2023', 'Summer Discount', 0.2, '2023-06-01', '2023-09-01'),
       (2, 'WINTER2023', 'Winter Promotion', 0.15, '2023-12-01', '2024-02-28'),
       (3, 'FALLSALE2023', 'Fall Sale Discount', 0.25, '2023-09-15', '2023-11-30'),
       (4, 'CHRISTMAS2023', 'Christmas Offer', 0.3, '2023-12-15', '2023-12-31'),
       (5, 'NEWYEAR2024', 'New Year Special', 0.2, '2024-01-01', '2024-01-15'),
       (6, 'No Discount', 'This discount represents no discount applied', 0.00, NULL, NULL);
INSERT INTO T_VEHICLE (id, vin, registration, model, manufacturer, body_type, production_date, fuel_type, condition, status,
                       price, car_rental_id, discount_id)
VALUES (1, '1G1YZ2D76F5609575', 'ABC123', 'Civic', 'Honda', 'Sedan', '2022-01-01', 'GAS'::fuel_type,
        'EXCELLENT'::condition_type, 'AVAILABLE'::status, 25000, 1, 1),
       (2, '1G1YZ2D76F5609576', 'DEF456', 'Accord', 'Honda', 'Sedan', '2022-02-01', 'DIESEL'::fuel_type,
        'GOOD'::condition_type, 'AVAILABLE'::status, 27000, 2, 2),
       (3,'1G1YZ2D76F5609577', 'GHI789', 'CR-V', 'Honda', 'SUV', '2022-03-01', 'ELECTRIC'::fuel_type,
        'FAIR'::condition_type, 'IN_REPAIR'::status, 30000, 3, 3),
       (4,'1G1YZ2D76F5609578', 'JKL012', 'Pilot', 'Honda', 'SUV', '2022-04-01', 'HYBRID'::fuel_type,
        'POOR'::condition_type, 'UNAVAILABLE'::status, 35000, 4, 4),
       (5, '1G1YZ2D76F5609579', 'MNO345', 'Fit', 'Honda', 'Hatchback', '2022-05-01', 'GAS'::fuel_type,
        'EXCELLENT'::condition_type, 'AVAILABLE'::status, 20000, 5, 5),
       (6, '1G1YZ2D76F5609580', 'PQR678', 'Odyssey', 'Honda', 'Minivan', '2022-06-01', 'ELECTRIC'::fuel_type,
        'GOOD'::condition_type, 'AVAILABLE'::status, 32000, 6, 6),
       (7, '1G1YZ2D76F5609581', 'STU901', 'Insight', 'Honda', 'Sedan', '2022-07-01', 'HYBRID'::fuel_type,
        'FAIR'::condition_type, 'IN_REPAIR'::status, 28000, 7, 1),
       (8, '1G1YZ2D76F5609582', 'VWX234', 'Ridgeline', 'Honda', 'Truck', '2022-08-01', 'DIESEL'::fuel_type,
        'POOR'::condition_type, 'UNAVAILABLE'::status, 40000, 8, 2),
       (9, '1G1YZ2D76F5609583', 'YZA567', 'Civic', 'Honda', 'Sedan', '2022-09-01', 'GAS'::fuel_type,
        'EXCELLENT'::condition_type, 'AVAILABLE'::status, 26000, 9, 3),
       (10, '1G1YZ2D76F5609584', 'BCD890', 'CR-V', 'Honda', 'SUV', '2022-10-01', 'ELECTRIC'::fuel_type,
        'GOOD'::condition_type, 'AVAILABLE'::status, 30000, 1, 4),
       (11, '1G1YZ2D76F5609585', 'CDE123', 'Fit', 'Honda', 'Hatchback', '2022-11-01', 'GAS'::fuel_type,
        'EXCELLENT'::condition_type, 'AVAILABLE'::status, 22000, 2, 5),
       (12, '1G1YZ2D76F5609586', 'EFG456', 'Odyssey', 'Honda', 'Minivan', '2022-12-01', 'ELECTRIC'::fuel_type,
        'GOOD'::condition_type, 'AVAILABLE'::status, 33000, 3, 6),
       (13, '1G1YZ2D76F5609587', 'GPI789', 'Insight', 'Honda', 'Sedan', '2023-01-01', 'HYBRID'::fuel_type,
        'FAIR'::condition_type, 'IN_REPAIR'::status, 29000, 4, 1),
       (14, '1G1YZ2D76F5609588', 'IJK012', 'Ridgeline', 'Honda', 'Truck', '2023-02-01', 'DIESEL'::fuel_type,
        'POOR'::condition_type, 'UNAVAILABLE'::status, 42000, 5, 2),
       (15, '1G1YZ2D76F5609589', 'KLM345', 'Civic', 'Honda', 'Sedan', '2023-03-01', 'GAS'::fuel_type,
        'EXCELLENT'::condition_type, 'AVAILABLE'::status, 28000, 6, 3),
       (16, '1G1YZ2D76F5609590', 'MNO678', 'CR-V', 'Honda', 'SUV', '2023-04-01', 'ELECTRIC'::fuel_type,
        'GOOD'::condition_type, 'AVAILABLE'::status, 31000, 7, 4),
       (17, '1G1YZ2D76F5609591', 'PQR901', 'Civic', 'Honda', 'Sedan', '2023-05-01', 'HYBRID'::fuel_type,
        'FAIR'::condition_type, 'IN_REPAIR'::status, 26000, 8, 5),
       (18, '1G1YZ2D76F5609592', 'STU234', 'Pilot', 'Honda', 'SUV', '2023-06-01', 'DIESEL'::fuel_type,
        'POOR'::condition_type, 'UNAVAILABLE'::status, 38000, 9, 6),
       (19,'1G1YZ2D76F5609593', 'VWX567', 'Fit', 'Honda', 'Hatchback', '2023-07-01', 'GAS'::fuel_type,
        'EXCELLENT'::condition_type, 'AVAILABLE'::status, 24000, 10, 1),
       (20, '1G1YZ2D76F5609594', 'YZA890', 'Odyssey', 'Honda', 'Minivan', '2023-08-01', 'ELECTRIC'::fuel_type,
        'GOOD'::condition_type, 'AVAILABLE'::status, 35000, 10, 2),
       (21, '1G1YZ2D76F5609595', 'BCD123', 'Insight', 'Honda', 'Sedan', '2023-09-01', 'HYBRID'::fuel_type,
        'FAIR'::condition_type, 'IN_REPAIR'::status, 30000, 1, 3),
       (22, '1G1YZ2D76F5609596', 'CDE456', 'Ridgeline', 'Honda', 'Truck', '2023-10-01', 'DIESEL'::fuel_type,
        'POOR'::condition_type, 'UNAVAILABLE'::status, 40000, 2, 4),
       (23, '1G1YZ2D76F5609597', 'EFG789', 'Civic', 'Honda', 'Sedan', '2023-11-01', 'GAS'::fuel_type,
        'EXCELLENT'::condition_type, 'AVAILABLE'::status, 26000, 3, 5),
       (24, '1G1YZ2D76F5609598', 'GHI012', 'CR-V', 'Honda', 'SUV', '2023-12-01', 'ELECTRIC'::fuel_type,
        'GOOD'::condition_type, 'AVAILABLE'::status, 32000, 4, 6),
       (25, '1G1YZ2D76F5609599', 'IJK345', 'Civic', 'Honda', 'Sedan', '2024-01-01', 'HYBRID'::fuel_type,
        'FAIR'::condition_type, 'IN_REPAIR'::status, 28000, 5, 6),
       (26, '1G1YZ2D76F5609600', 'KLM678', 'Pilot', 'Honda', 'SUV', '2024-02-01', 'DIESEL'::fuel_type,
        'POOR'::condition_type, 'UNAVAILABLE'::status, 42000, 6, 6),
       (27, '1G1YZ2D76F5609601', 'MNO901', 'Fit', 'Honda', 'Hatchback', '2024-03-01', 'GAS'::fuel_type,
        'EXCELLENT'::condition_type, 'AVAILABLE'::status, 24000, 7, 6),
       (28, '1G1YZ2D76F5609602', 'PQR234', 'Odyssey', 'Honda', 'Minivan', '2024-04-01', 'ELECTRIC'::fuel_type,
        'GOOD'::condition_type, 'AVAILABLE'::status, 35000, 8, 6),
       (29, '1G1YZ2D76F5609603', 'STU567', 'Insight', 'Honda', 'Sedan', '2024-05-01', 'HYBRID'::fuel_type,
        'FAIR'::condition_type, 'IN_REPAIR'::status, 30000, 9, 6),
       (30, '1G1YZ2D76F5609604', 'VWX890', 'Ridgeline', 'Honda', 'Truck', '2024-06-01', 'DIESEL'::fuel_type,
        'POOR'::condition_type, 'UNAVAILABLE'::status, 40000, 10, 6);