INSERT INTO T_CAR_RENTAL (name, street, street_number, postal, city)
VALUES ('ZoomDrive Rentals', 'Ruskin', 75312, '16900', 'Huarong'),
       ('CruiseWise Car Hire', 'Lakewood Gardens', 82, '93650', 'Ricardo Flores Magon'),
       ('Speedster Rent-a-Car', 'Ramsey', 74, 'G7S', 'Boissevain'),
       ('RoadRunner Auto Rentals', 'Sunbrook', 63, '16700', 'Baabda'),
       ('DriveRight Vehicle Hire', 'Merchant', 750, '4313', 'Beddeng'),
       ('Velocity Wheels Rental', 'Roth', 0, '123456', 'Shangma'),
       ('GearShift Car Hire Services', 'Havey', 4, '2270', 'Ormo'),
       ('TurboTrack Rentals', 'Lotheville', 948, 'A1N', 'Mount Pearl'),
       ('DriveStar Auto Leasing', 'Chinook', 4069, '098765', 'Afareaitu'),
       ('AccelerateNow Car Rentals', 'Tennyson', 69, '2329', 'Leiden');

INSERT INTO T_CUSTOMER (license_code, first_name, last_name, birthdate, phone)
VALUES ('886c5eda-4f4f-418f-8961-db5ee5743f45', 'Brigitta', 'Frazer', '1995-08-09', '915-946-4724'),
       ('9c2d616c-561d-4c95-b8c3-5f9a9d8301f9', 'Andria', 'Ridgway', '2002-03-12', '989-984-8265'),
       ('12cb8203-5e1f-42f0-b41c-8320d043dc23', 'Lind', 'Torbet', '1990-11-03', '342-784-2314'),
       ('c3375a7c-d54b-4d0e-b6a3-8c9291bbe5ef', 'Osmund', 'Dinis', '1971-12-30', '858-644-7681'),
       ('23bde52e-33b6-4052-a9ca-245f80648a01', 'Gwynne', 'Kopfer', '1981-07-25', '715-861-6607'),
       ('fa89a504-93b3-4684-a7c0-867f2dcbcd8b', 'Clarine', 'Vellacott', '2001-02-17', '367-722-0830'),
       ('f7185cd7-5489-479e-80f1-89955637263f', 'Morgan', 'Affuso', '1988-06-16', '835-792-4659'),
       ('51340ac8-8021-4ed8-89f7-ef67bd85dce3', 'Agnola', 'Dinsell', '1976-01-10', '822-321-4727'),
       ('351d3121-177c-4022-ab10-d366677311ea', 'Augy', 'Foucher', '1972-10-01', '296-589-6987'),
       ('de2bbf36-60ab-49d8-95e1-d3ea18264a12', 'Josh', 'Tinto', '1993-12-17', '994-240-4065'),
       ('6331ba58-05d0-46cc-a59e-7b57f0d65b29', 'Natalina', 'Ackerman', '1987-07-26', '324-945-4395'),
       ('9d554b8c-30e4-4c3f-84ba-b37bc5b34653', 'Britteny', 'Gimson', '1982-07-06', '197-353-3456'),
       ('ae0f0542-ede1-442d-8c5c-ce075ba1f61e', 'Friedrick', 'Bedson', '1976-02-11', '214-557-6350'),
       ('77f08389-3a0c-43dc-b8d5-5de90a8b9194', 'Clair', 'Seid', '1991-12-04', '975-884-7592'),
       ('a8402675-7c16-40c5-8caf-985f9fd93120', 'Lenci', 'Snowling', '1992-12-30', '971-770-8601'),
       ('cb0d60ca-fd28-461b-96fa-35d993e563f0', 'Mattie', 'Shelmerdine', '1994-03-10', '134-628-4764'),
       ('3c2ac1db-3eb5-4d64-b0ae-c89d7ff0c554', 'Mano', 'Wison', '1997-06-24', '276-938-6140'),
       ('1c624ac9-3a45-4ab9-ba64-94329e191e96', 'Vincenz', 'Hengoed', '1973-12-26', '855-591-4922'),
       ('2b443157-5321-43a8-9063-b88543b431f8', 'Brinna', 'Parsand', '1979-04-21', '719-648-4843'),
       ('5626bcf1-c77a-4978-bbf1-5e8223805e28', 'Prudy', 'Kingsford', '1997-01-07', '750-332-7084');

INSERT INTO T_REPAIR_SHOP (name, street, street_number, postal, city, repair_type)
VALUES ('AutoPro Repair Solutions', 'Oneill', 3672, '3604', 'Thun', 'GAS'::fuel_type),
       ('CarCare Garage', 'Straubel', 9, '82014', 'San Antonio', 'DIESEL'::fuel_type),
       ('GearMaster Auto Repair', 'Ridge Oak', 42, '8570', 'Hartswater', 'ELECTRIC'::fuel_type::fuel_type),
       ('WheelWorks Automotive', 'Nelson', 58583, '20504', 'Kuala Terengganu', 'HYBRID'::fuel_type),
       ('MotorFix Service Center', 'Union', 84631, '990-0711', 'Yoshikawa', 'GAS'::fuel_type),
       ('DriveDoctor Repair Shop', 'Bashford', 94, '10952', 'Kajiado', 'DIESEL'::fuel_type),
       ('FixItRight Auto Garage', 'Del Mar', 19, '11806', 'Santo Domingo Este', 'ELECTRIC'::fuel_type::fuel_type),
       ('SpeedyWrench Car Repair', 'Lake View', 781, '87202', 'Hechun', 'HYBRID'::fuel_type),
       ('PrecisionAuto Repair Center', 'Blackbird', 4, '09120', 'Kakhovka', 'GAS'::fuel_type),
       ('RoadReady Automotive Solutions', 'Sunbrook', 80024, '91582', 'Duanshen', 'DIESEL'::fuel_type);

INSERT INTO T_DISCOUNT (name, description, discount, start_date, expiration_date)
VALUES ('SUMMER2023', 'Summer Discount', 0.2, '2023-06-01', '2023-09-01'),
       ('WINTER2023', 'Winter Promotion', 0.15, '2023-12-01', '2024-02-28'),
       ('FALLSALE2023', 'Fall Sale Discount', 0.25, '2023-09-15', '2023-11-30'),
       ('CHRISTMAS2023', 'Christmas Offer', 0.3, '2023-12-15', '2023-12-31'),
       ('NEWYEAR2024', 'New Year Special', 0.2, '2024-01-01', '2024-01-15'),
       ('No Discount', 'This discount represents no discount applied', 0.00, NULL, NULL);

INSERT INTO T_VEHICLE (vin, registration, model, manufacturer, body_type, production_date, fuel_type, condition, status,
                       price, car_rental_id, discount_id)
VALUES ('1G1YZ2D76F5609575', 'ABC123', 'Civic', 'Honda', 'Sedan', '2022-01-01', 'GAS'::fuel_type,
        'EXCELLENT'::condition_type, 'AVAILABLE'::status, 25000, 1, 1),
       ('1G1YZ2D76F5609576', 'DEF456', 'Accord', 'Honda', 'Sedan', '2022-02-01', 'DIESEL'::fuel_type,
        'GOOD'::condition_type, 'AVAILABLE'::status, 27000, 2, 2),
       ('1G1YZ2D76F5609577', 'GHI789', 'CR-V', 'Honda', 'SUV', '2022-03-01', 'ELECTRIC'::fuel_type,
        'FAIR'::condition_type, 'IN_REPAIR'::status, 30000, 3, 3),
       ('1G1YZ2D76F5609578', 'JKL012', 'Pilot', 'Honda', 'SUV', '2022-04-01', 'HYBRID'::fuel_type,
        'POOR'::condition_type, 'UNAVAILABLE'::status, 35000, 4, 4),
       ('1G1YZ2D76F5609579', 'MNO345', 'Fit', 'Honda', 'Hatchback', '2022-05-01', 'GAS'::fuel_type,
        'EXCELLENT'::condition_type, 'AVAILABLE'::status, 20000, 5, 5),
       ('1G1YZ2D76F5609580', 'PQR678', 'Odyssey', 'Honda', 'Minivan', '2022-06-01', 'ELECTRIC'::fuel_type,
        'GOOD'::condition_type, 'AVAILABLE'::status, 32000, 6, 6),
       ('1G1YZ2D76F5609581', 'STU901', 'Insight', 'Honda', 'Sedan', '2022-07-01', 'HYBRID'::fuel_type,
        'FAIR'::condition_type, 'IN_REPAIR'::status, 28000, 7, 1),
       ('1G1YZ2D76F5609582', 'VWX234', 'Ridgeline', 'Honda', 'Truck', '2022-08-01', 'DIESEL'::fuel_type,
        'POOR'::condition_type, 'UNAVAILABLE'::status, 40000, 8, 2),
       ('1G1YZ2D76F5609583', 'YZA567', 'Civic', 'Honda', 'Sedan', '2022-09-01', 'GAS'::fuel_type,
        'EXCELLENT'::condition_type, 'AVAILABLE'::status, 26000, 9, 3),
       ('1G1YZ2D76F5609584', 'BCD890', 'CR-V', 'Honda', 'SUV', '2022-10-01', 'ELECTRIC'::fuel_type,
        'GOOD'::condition_type, 'AVAILABLE'::status, 30000, 1, 4),
       ('1G1YZ2D76F5609585', 'CDE123', 'Fit', 'Honda', 'Hatchback', '2022-11-01', 'GAS'::fuel_type,
        'EXCELLENT'::condition_type, 'AVAILABLE'::status, 22000, 2, 5),
       ('1G1YZ2D76F5609586', 'EFG456', 'Odyssey', 'Honda', 'Minivan', '2022-12-01', 'ELECTRIC'::fuel_type,
        'GOOD'::condition_type, 'AVAILABLE'::status, 33000, 3, 6),
       ('1G1YZ2D76F5609587', 'GPI789', 'Insight', 'Honda', 'Sedan', '2023-01-01', 'HYBRID'::fuel_type,
        'FAIR'::condition_type, 'IN_REPAIR'::status, 29000, 4, 1),
       ('1G1YZ2D76F5609588', 'IJK012', 'Ridgeline', 'Honda', 'Truck', '2023-02-01', 'DIESEL'::fuel_type,
        'POOR'::condition_type, 'UNAVAILABLE'::status, 42000, 5, 2),
       ('1G1YZ2D76F5609589', 'KLM345', 'Civic', 'Honda', 'Sedan', '2023-03-01', 'GAS'::fuel_type,
        'EXCELLENT'::condition_type, 'AVAILABLE'::status, 28000, 6, 3),
       ('1G1YZ2D76F5609590', 'MNO678', 'CR-V', 'Honda', 'SUV', '2023-04-01', 'ELECTRIC'::fuel_type,
        'GOOD'::condition_type, 'AVAILABLE'::status, 31000, 7, 4),
       ('1G1YZ2D76F5609591', 'PQR901', 'Civic', 'Honda', 'Sedan', '2023-05-01', 'HYBRID'::fuel_type,
        'FAIR'::condition_type, 'IN_REPAIR'::status, 26000, 8, 5),
       ('1G1YZ2D76F5609592', 'STU234', 'Pilot', 'Honda', 'SUV', '2023-06-01', 'DIESEL'::fuel_type,
        'POOR'::condition_type, 'UNAVAILABLE'::status, 38000, 9, 6),
       ('1G1YZ2D76F5609593', 'VWX567', 'Fit', 'Honda', 'Hatchback', '2023-07-01', 'GAS'::fuel_type,
        'EXCELLENT'::condition_type, 'AVAILABLE'::status, 24000, 10, 1),
       ('1G1YZ2D76F5609594', 'YZA890', 'Odyssey', 'Honda', 'Minivan', '2023-08-01', 'ELECTRIC'::fuel_type,
        'GOOD'::condition_type, 'AVAILABLE'::status, 35000, 10, 2),
       ('1G1YZ2D76F5609595', 'BCD123', 'Insight', 'Honda', 'Sedan', '2023-09-01', 'HYBRID'::fuel_type,
        'FAIR'::condition_type, 'IN_REPAIR'::status, 30000, 1, 3),
       ('1G1YZ2D76F5609596', 'CDE456', 'Ridgeline', 'Honda', 'Truck', '2023-10-01', 'DIESEL'::fuel_type,
        'POOR'::condition_type, 'UNAVAILABLE'::status, 40000, 2, 4),
       ('1G1YZ2D76F5609597', 'EFG789', 'Civic', 'Honda', 'Sedan', '2023-11-01', 'GAS'::fuel_type,
        'EXCELLENT'::condition_type, 'AVAILABLE'::status, 26000, 3, 5),
       ('1G1YZ2D76F5609598', 'GHI012', 'CR-V', 'Honda', 'SUV', '2023-12-01', 'ELECTRIC'::fuel_type,
        'GOOD'::condition_type, 'AVAILABLE'::status, 32000, 4, 6),
       ('1G1YZ2D76F5609599', 'IJK345', 'Civic', 'Honda', 'Sedan', '2024-01-01', 'HYBRID'::fuel_type,
        'FAIR'::condition_type, 'IN_REPAIR'::status, 28000, 5, 6),
       ('1G1YZ2D76F5609600', 'KLM678', 'Pilot', 'Honda', 'SUV', '2024-02-01', 'DIESEL'::fuel_type,
        'POOR'::condition_type, 'UNAVAILABLE'::status, 42000, 6, 6),
       ('1G1YZ2D76F5609601', 'MNO901', 'Fit', 'Honda', 'Hatchback', '2024-03-01', 'GAS'::fuel_type,
        'EXCELLENT'::condition_type, 'AVAILABLE'::status, 24000, 7, 6),
       ('1G1YZ2D76F5609602', 'PQR234', 'Odyssey', 'Honda', 'Minivan', '2024-04-01', 'ELECTRIC'::fuel_type,
        'GOOD'::condition_type, 'AVAILABLE'::status, 35000, 8, 6),
       ('1G1YZ2D76F5609603', 'STU567', 'Insight', 'Honda', 'Sedan', '2024-05-01', 'HYBRID'::fuel_type,
        'FAIR'::condition_type, 'IN_REPAIR'::status, 30000, 9, 6),
       ('1G1YZ2D76F5609604', 'VWX890', 'Ridgeline', 'Honda', 'Truck', '2024-06-01', 'DIESEL'::fuel_type,
        'POOR'::condition_type, 'UNAVAILABLE'::status, 40000, 10, 6);

INSERT INTO T_SUBSCRIPTION (start_date, end_date, vehicle_id, customer_id)
VALUES ('2023-01-01', '2023-02-01', 1, 1),
       ('2023-02-01', '2023-03-01', 2, 2),
       ('2023-03-01', '2023-04-01', 3, 3),
       ('2023-04-01', '2023-05-01', 4, 4),
       ('2023-05-01', '2023-06-01', 5, 5),
       ('2023-06-01', '2023-07-01', 6, 6),
       ('2023-07-01', '2023-08-01', 7, 7),
       ('2023-08-01', '2023-09-01', 8, 8),
       ('2023-09-01', '2023-10-01', 9, 9),
       ('2023-10-01', '2023-11-01', 10, 10),
       ('2023-11-01', '2023-12-01', 11, 11),
       ('2023-12-01', '2024-01-01', 12, 12),
       ('2024-01-01', '2024-02-01', 13, 13),
       ('2024-02-01', '2024-03-01', 14, 14),
       ('2024-03-01', '2024-04-01', 15, 15);

INSERT INTO T_REPAIR (serial, name, description, date, vehicle_id, repair_shop_id)
VALUES ('SER123', 'Engine Check', 'Routine engine check and maintenance', '2023-01-01', 1, 1),
       ('SER124', 'Tire Replacement', 'Replacing worn-out tires with new ones', '2023-02-01', 2, 2),
       ('SER125', 'Brake Inspection', 'Checking and servicing the brakes', '2023-03-01', 3, 3),
       ('SER126', 'Oil Change', 'Changing engine oil and oil filter', '2023-04-01', 4, 4),
       ('SER127', 'Battery Replacement', 'Replacing the old battery with a new one', '2023-05-01', 5, 5),
       ('SER128', 'Wheel Alignment', 'Adjusting the angles of the wheels', '2023-06-01', 6, 6),
       ('SER129', 'Air Conditioning Repair', 'Repairing the vehicles air conditioning system', '2023-07-01', 7, 7),
       ('SER130', 'Transmission Service', 'Servicing the transmission system', '2023-08-01', 8, 8),
       ('SER131', 'Suspension Repair', 'Repairing the suspension system', '2023-09-01', 9, 9),
       ('SER132', 'Exhaust System Check', 'Inspecting and repairing the exhaust system', '2023-10-01', 10, 10),
       ('SER133', 'Electrical System Repair', 'Repairing the vehicles electrical system', '2023-11-01', 11, 1),
       ('SER134', 'Cooling System Service', 'Servicing the vehicles cooling system', '2023-12-01', 12, 2),
       ('SER135', 'Steering System Repair', 'Repairing the steering system', '2024-01-01', 13, 3),
       ('SER136', 'Fuel System Check', 'Inspecting and repairing the fuel system', '2024-02-01', 14, 4),
       ('SER137', 'Engine Overhaul', 'Performing a complete engine overhaul', '2024-03-01', 15, 5),
       ('SER138', 'Diagnostic Testing', 'Performing diagnostic tests to identify issues', '2024-04-01', 16, 6),
       ('SER139', 'Spark Plug Replacement', 'Replacing old spark plugs with new ones', '2024-05-01', 17, 7),
       ('SER140', 'Wiper Blade Replacement', 'Replacing worn-out wiper blades', '2024-06-01', 18, 8),
       ('SER141', 'Ignition System Repair', 'Repairing the ignition system', '2024-07-01', 19, 9),
       ('SER142', 'Bodywork and Paint', 'Fixing body damage and repainting', '2024-08-01', 20, 10);

INSERT INTO T_ACCIDENT (serial, name, description, date, subscription_id)
VALUES ('SER001', 'Rear-end Collision', 'Vehicle was hit from behind at a traffic signal', '2023-01-01', 1),
       ('SER002', 'Side Impact Crash', 'Vehicle was hit on the side while turning at an intersection', '2023-02-01', 2),
       ('SER003', 'Single Vehicle Crash', 'Vehicle collided with a stationary object', '2023-03-01', 3),
       ('SER004', 'Rollover Accident', 'Vehicle overturned during a sharp turn', '2023-04-01', 4),
       ('SER005', 'Head-on Collision', 'Vehicle collided with another vehicle frontally', '2023-05-01', 5),
       ('SER006', 'Hit and Run', 'Vehicle was hit by an unidentified vehicle', '2023-06-01', 6),
       ('SER007', 'Parking Lot Collision', 'Vehicle was involved in a collision in a parking lot', '2023-07-01', 7),
       ('SER008', 'Multi-Vehicle Accident', 'Vehicle was part of an accident involving multiple vehicles', '2023-08-01',8),
       ('SER009', 'Intersection Crash', 'Vehicle collided with another vehicle at an intersection', '2023-09-01', 9),
       ('SER010', 'Pedestrian Accident', 'Vehicle collided with a pedestrian on the road', '2023-10-01', 10);